repo_id,repo_name,event_count,new_contributors_count
20372685,bloodycoder/VirtualTkinter,367,367
25231100,test,5842,5836
70275674,amattson21/gitjob,8195,8180
34914134,MasoudH/Yosemite-Chess,323,322
26159712,kidbai/haixiu-crawler,603,601
37548517,phase/sure,6063,6038
54702000,bloodycoder/Zhihu_craw,610,606
13166804,Octodog_Invasion,1842,1829
65364756,Xiao187/Cto,3086,3062
29862806,MasoudH/Breaking-Bad-Paint,325,322
69188468,mamal72/star-bomb,101,100
29978087,MasoudH/Whiteboard,187,185
14803499,philippetavernier/arduino-serial,737,729
4185633,josephyzhou/rt,155,153
62936724,AnupKumarPanwar/Ionic-FB-Login-PHP-MySQL-DB-AdMob,609,601
59704956,gedeagas/alumniananda,152,150
43786270,MasoudH/Gradience,202,199
39187134,bloodycoder/website_downloader,130,128
23082495,YouAreAwesome,2203,2167
10476868,josephyzhou/dotfiles,328,322
34028307,ninjatrench/restPickle,256,251
54746656,creart/jedease,102,100
21812864,koi646/javascript-demo,197,193
31281134,MasoudH/McPaint,333,326
55282410,mortonNex/test03,139,136
23902230,CosmosBrowserBackend,13653,13352
64002744,bloodycoder/skeleton,725,709
70275674,amattson21/gitlove,264,258
41573817,Swift-Kit/JZAvatarNSImageView,256,250
48719130,Swift-Kit/JZBitByteNSData,255,249
55282426,mortonNex/test06,113,110
38684234,bloodycoder/ideaBooster,111,108
60984573,iamjusttestingcrazy/testing-ape-shit,209,203
43786245,MasoudH/McPaint,206,200
55282405,mortonNex/test02,134,130
50078426,bloodycoder/pingke,132,128
51350509,ZhyTeam/ZhyCore,2510,2432
61858513,iamjusttestingcrazy/capability-testing-starbot,139,134
59032301,egorsmkv/google-spaces,2764,2659
43786243,MasoudH/Breaking-Bad-Paint,208,200
26906705,NimbusBase_Android_Tutorial,2625,2514
43786147,MasoudH/Yosemite-Chess,211,202
13645789,josephyzhou/Wonging,203,194
47297806,markgould/NSBCon2015.Hackathon,307,293
29862806,MasoudH/Paint,198,188
26268854,prid.js,431,409
44917429,DmitryAuine/React-Flux-Boilerplate,270,256
33247886,Octofool/Fools,509,480
31999347,CleverbotIO/node-cleverbot.io,1420,1336
71554086,WangCheese/MarketModuleBG,741,697
73711888,propwnadmin/propwnadmin.github.io,249,233
65503490,creart/ChunkNorris,106,99
72973232,propwnadmin/EmptyProject,132,123
32502966,spasmilo/electrum,551,513
65992229,liushuchun/fetchfileforblog,111,103
44561343,amitbend/aliexpress-API-wrapper-,171,158
55282422,mortonNex/test05,142,131
43786258,MasoudH/Whiteboard,219,201
48549073,laravelme/learning-laravel5.2,121,111
50095165,zakattax/bitscript-temperate,1445,1325
22677115,Foundry,3709,3400
58801221,EasonWang01/dom-schema,106,97
67854443,Bupterambition/AwesomeCommand,2242,2051
61489113,Bupterambition/MGJPFIntroguideView,478,435
16476472,josephyzhou/node-ethereum,170,154
62733147,ayushoriginal/News-Feed-and-Digest,156,141
29710464,MasoudH/Gradience,205,185
67606154,Mukarr/ldap_auth,110,99
54179184,dtesler/slackshell,286,257
44493702,ironmaniiith/Github-profile-name-writer,1762,1581
65616846,gacel112/atccargo,447,401
49998828,huanxsd/BDImagePicker,132,118
35822169,joni2back/inline.js,500,444
3780479,everyme-legal,213,189
25652137,galaxy,9410,8325
47856665,Skylifee7/ProjectVolo,126,111
49765768,LightningNetwork/lightning-onion,488,429
56186352,davidsilveiro/TweetSploit,181,159
55876992,giacomocerquone/angular2-mean-starter,1624,1426
55282339,mortonNex/test01,171,148
12819889,San-Francisco-Open-Data-Legislation,283,243
26886336,quantum-os.github.io,1170,996
37404669,CommonQ/XSwipeRefresh,123,104
71584631,zkzy/PullToRefresh,129,109
67854443,Bupterambition/kZMoonCommand,159,134
24441410,Chat,747,627
64161875,TheOrchid/Widget,164,137
51418726,UnivaqTelegramBot/UnivaqInformaticaBot,2214,1848
1953362,kailashbuki/fingerprint,239,199
64842322,paramminhas/star,143,119
1065672,glassesfactory/glassesfactory,252,209
55290622,zaqqaz/ng-rest-api,1194,990
57238438,davidsilveiro/The-C-Learning-Framework,172,142
25999066,CommonQ/Android-Photo-Cropper,126,104
33603295,ninjatrench/InstaStat,332,273
9268614,meta-gstreamer1.0,493,405
51635370,josephyzhou/producthunt-trending,467,383
55294602,zaqqaz/ng2-rest-api,1159,935
17026710,woyaofacai/YMX2D,183,145
11981949,MCMrARM/modpe-mods,179,141
62731503,ayushoriginal/Two-pass-Assembler,163,128
28426261,erayarslan/life,130,102
16609159,embedapi,294,230
66547173,Bupterambition/objc-format-check,325,254
7230082,harvesthq.github.com,121,94
62892221,hyy1115/react-redux-webpack,233,181
22721997,TableViewCellFlip,120,93
71096477,Xiao187/Ablepsia,217,168
54882428,philchia/go_redis_client,425,329
32935880,enginebai/Movie-lol-android,399,305
12603747,Bike-Share-Data-Best-Practices,296,225
14204342,datasharing,69613,52793
47632754,stepify/stepifyIOS,1101,832
1374177,cldwalker/one9,198,149
70369610,WangCheese/MarketModule,1014,763
45658842,pcoutin/blargh,152,114
55555065,omgimanerd/nycurl,269,201
14204342,jtleek/datasharing,111043,82840
52880018,kanemontreuil/gherkin-snippets,147,109
58434101,EasonWang01/All2Json,162,120
60097708,Fnoz/FNRentalPullToRefresh,156,114
13650616,tombailey/McPeScripts,376,274
18433393,kafan15536900/ADfree-Player-Offline,829,604
22599444,SUI-Mobile,148,107
54768991,ntop/wireshark,115,83
52566744,kanemontreuil/blog,168,121
48105071,TheOrchid/Socket,393,281
49946915,DiSiqueira/DSImgur,142,100
549638,pixelmatrix/mapkey,155,109
1358961,msporny/dna,382,268
2610812,Constitution,271,190
11187362,createSingleton,257,180
3949827,Spiffing,368,257
36245991,sphinx02/AppStarter,500,347
2736292,zurmo/Zurmo,136,94
32320647,zueve/neurolab,535,368
58783279,enginebai/PyMessager,266,182
11187383,EncryptionHelper,259,177
38347270,Paarthri/Color_Smash,146,99
61282048,Fnoz/FNFoldingTabBar,209,141
22427243,furkan,226,151
391650,gilt.github.com,117,78
591008,xserver,233,155
11981949,modpe-mods,379,251
794632,karthick18/inception,340,225
483605,platform45/nakedpassword,289,190
1029910,facebook/platform-samples,306,200
5478746,libmono-d,547,355
1296269,octocat/Hello-World,1807,1169
12647696,flu-shot-spec,287,185
72299435,yangweigbh/VolleyX,315,203
1350871,ngspinners/lightnode,182,117
1300192,Spoon-Knife,59736,38320
3873324,chef-libqt4,1435,907
11206992,intercom.io,286,180
11628931,dennismagno/winforms-modernui,349,219
50391320,kanemontreuil/personal-portfolio,219,137
49087234,sahildua2305/hackIDE,1303,813
23204168,VMXMLParser,151,94
13650616,McPeScripts,937,580
51111320,kanemontreuil/developer-advice,234,143
2516300,dive-into-python3,190,116
73426688,ShaojieLiu/ShaojieLiu.github.io,292,178
8115587,libdbusmenu,197,120
4550737,PrusaMendel,475,288
50010842,huanxsd/AWA,201,121
1699826,game-of-life,4789,2877
51885000,kanemontreuil/local-weather,215,129
1357116,ezmobius/super-nginx,183,109
6445811,curso-android-src,1819,1080
3373795,DAReloadActivity,134,79
5032874,libdbusmenu-qt,180,105
5506435,emoji,343,200
58240947,EasonWang01/elm-lang-chinese-manual,163,95
69270407,hussien89aa/androidTutorialForBeginners,628,364
22896115,L-Assemblies,846,488
3347081,saasbook/hw3_rottenpotatoes,111,64
9961343,Nilhcem/hosts-editor-android,444,256
300128,multitheftauto/multitheftauto,369,211
127948,libmonome,673,383
59954860,qingyunhe/WanHeGardenShop,259,147
1449225,digdog/UIDickBar,312,177
62522951,qingyunhe/HQYMainViewController,113,64
10926270,trophymanager,160,90
18194487,jlord/hello-world,953,536
2085412,SFACT,255,143
1300192,octocat/Spoon-Knife,93249,52128
22674707,tyypjs,171,95
487458,tav/pylibs,128,71
21066490,cryptonote,181,100
17467,mirrors/linux-2.6,1677,925
60851073,prachi1210/starbot,843,463
1233813,wowus/pipe,155,85
245893,Decider,351,192
465349,jejacks0n/navigasmic,305,166
8654975,PluralsightSpaJumpStartFinal,1181,642
46225821,LuKane/KNBannerView,269,146
64769252,jaikydota/Andorid-ImagesPickers,159,86
3439505,DAAutoScroll,130,70
17025202,woyaofacai/GameFinal,303,163
4550737,prusajr/PrusaMendel,106,57
7353007,AC3-Killer,160,86
14813367,megamoji,261,140
1296269,Hello-World,2277,1220
39186987,wmzsoft/JXADF,896,480
609787,php-sdk,694,369
3804836,dance,326,173
11337218,screenbird,138,73
22482112,SDFeedParser,636,336
7327188,PHPixie/Project,2976,1564
19410999,emojize,243,127
69124810,duboviy/pybenchmark,219,114
64912020,olucurious/AppFramer,183,95
36852121,loverszhaokai/ALG,240,123
8611101,javatechig-android-ui,348,178
71506455,ayushoriginal/Sentiment-Analysis-Twitter,366,187
4803506,DAAnisotropicImage,233,119
59940137,Fnoz/FNBlingBlingLabel,338,172
282435,whymirror/unholy,132,67
66578160,coolcooldee/sloth,227,115
11831825,Puls3-America,522,264
2553402,Code4Reference,1308,661
51520592,GreatStars/AwesomeStars,392,198
904766,PrusaMendel,159,80
1559968,SCM-Music-Player,1542,775
13007551,vim-emoji,269,135
11628931,dennismagno/metroframework-modern-ui,868,432
28670798,rdpeng/practice_assignment,1789,889
16125700,Puls2014-America,690,342
8522731,dadrivr/FantasyFootballAnalyticsR,1542,764
15917132,ProgrammingAssignment2,39312,19409
7778764,samples,709,350
3347081,hw3_rottenpotatoes,3995,1970
11337218,adamhub/screenbird,132,65
23064,dima/restfulx_framework,189,93
43391195,movielala/VideoThumbnailViewKit,419,206
651996,ChevyRay/FlashPunk,177,87
8877717,javatechig-android-advanced,446,219
73781385,TheOrchid/Platform,320,157
6137,madrobby/scriptaculous,784,384
19871195,derekfranks/practice_assignment,1161,568
734883,facebook/csharp-sdk,182,89
19871195,practice_assignment,1207,589
2667,timburks/nu,1469,715
1413152,DanielRapp/Noisy,739,358
21066490,cryptonotefoundation/cryptonote,1066,516
459274,phpbb/phpbb,407,197
35632797,EpicGames/Signup,3199,1546
14540032,apache-shiro-tutorial-webapp,1055,507
32483998,rgamba/tonic,225,108
36245991,sphinx02/FireStarter,1519,728
16214848,c101,119,57
1447461,egreenfield/M2D,180,86
18194487,hello-world,291,139
10391080,xserver,283,135
1262687,joericioppo/MyStyledView,126,60
2480979,bootstrap-xtra,240,114
40333593,huanxsd/JYPaging,253,120
52189520,TMCoding/Plantation,738,350
7444918,MPU-9150_Breakout,287,136
8611101,Android-UI-Tutorials,454,215
15961224,googledrive/zipextractor,374,177
7884662,wenjun1055/c,222,105
21768546,react-rcs,127,60
18442377,dotfiles,163,77
19587,dpp/liftweb,193,91
24366295,frontend-nanodegree-resume,2736,1289
1373150,jonromero/music-as-data,347,163
3605678,policy,314,147
8654975,johnpapa/PluralsightSpaJumpStartFinal,524,245
16108830,rdpeng/courses,6806,3178
1507583,exemplos,393,183
48143152,ObscureCode/Pear,280,130
1157583,joshaber/JAListView,194,90
35699987,Hotsotse/Hang-man,448,207
6016224,DAModularTableView,316,146
12656659,loiane/curso-java-basico,462,213
801991,wesabe/ssu,407,187
1451704,jessegrosjean/DropboxSync,303,139
64629563,fTerm/fTerm,218,100
9795555,UnityThirdPersonTutorial,229,105
474086,drupalcommerce/drupalcommerce,155,71
23806622,RateMyApp,213,97
16108830,courses,1650,751
2105143,i2cdevlib,2836,1285
1329142,richardshepherd/TwentyTenFive,168,76
41509732,zymtom/DidIStealThis,524,237
14975849,SheetJS/j,115,52
10262104,API-NG-sample-code,519,234
690697,wordpress/wordpress,413,186
5447903,node-js-sample,12849,5738
7722030,com.youtube.rest,240,107
8611101,javatechig/Android-UI-Tutorials,457,203
716895,Marak/JSONloops,259,115
1455833,rkh/almost-sinatra,410,182
1358085,rociiu/face,140,62
4341924,Head-First-HTML,122,54
1699826,wakaleo/game-of-life,5774,2546
6445811,sgolivernet/curso-android-src,558,246
1794386,gnome-shell-extensions-pidgin,261,115
4043313,innovators-patent-agreement,545,240
7329268,canadaduane/house,243,107
195122,Objective3/ElementParser,183,80
52191651,TMCoding/Plantation,2171,948
845412,zencoder/html5-boilerplate-for-wordpress,463,201
64604040,bloodycoder/githack,1996,866
27114173,smartties/Blip-Blop-for-Android,136,59
1426723,antirez/otree,150,65
70338660,duboviy/minicache,139,60
1045381,phonegap-start,7916,3406
4413709,evernote-sdk-python3,249,107
2629840,mint.js,154,66
24366295,udacity/frontend-nanodegree-resume,24935,10659
50898278,tubie/JFQiXin,904,386
20144827,hoosin/EveryDaySport,630,269
15917132,rdpeng/ProgrammingAssignment2,73631,31420
1464422,couchbaselabs/iOS-Couchbase,757,323
48855539,oduslabs/Console-Kit,655,279
953712,facebook/runwithfriends,202,86
61489113,Bupterambition/AwesomeIntroguideView,275,117
1206603,jupiterjs/syn,292,124
4437818,jmstanto/data-science-r,106,45
46991975,dchqinc/dchq-docker-java-example,203,86
12697770,underverk/3D_Printer,116,49
1820882,gotgit,580,245
69629434,FreeCodeCampChina/freecodecamp.cn,6363,2686
13973810,Frontend2-America,596,251
1064872,michenriksen/css3buttons,874,368
16652294,Swa-app,314,132
1501668,cw-lunchlist,148,62
28457823,FreeCodeCamp/FreeCodeCamp,275689,115429
63645552,ccubed/PyMoe,275,115
74091519,Delyer/JYCarousel,165,69
5364106,esri.github.com,372,155
1444414,tglines/nodrr,156,65
23087250,Barnacules/Codegasm,233,97
21454338,Maroc-OS/doulCi,149,62
36800003,kevin-yuan/android-wifi-connecter,243,101
7341794,webhostinghub-glyphs,371,154
1559968,cshum/SCM-Music-Player,169,70
61227106,GetRektByMe/Pixie,249,103
9546965,hmkcode/Java,871,360
5557136,hadynz/repository.arabic.xbmc-addons,167,69
18122928,jameswillweb/github-for-web-designers,184,76
52439413,Cleveroad/CRAndroidMBootAnimationView,160,66
49765480,LightningNetwork/lnd,900,371
8308179,telerik/xaml-sdk,712,293
27180672,Diversity,168,69
47174119,YixuanFranco/YourBoyfriend,332,136
2160255,WebWorks-Samples,220,90
1339905,ruidlopes/minimal.js,181,74
15754022,jellyreader,597,244
51215534,Lloydaaa/Googl-Library-PHP,695,284
1423307,paulrouget/html5dashboard,174,71
28854304,startupjing/Tech_Notes,913,372
14933726,googleads-mobile-android-examples,572,233
734871,modestmaps-js,366,149
6245355,ripple,170,69
1255504,appcelerator/tweetanium,106,43
1461617,Machx/Xcode-Keyboard-Shortcuts,252,102
6737965,emoji-rspec,425,172
2818343,python3-memcached,218,88
2749788,gephi-plugins,526,212
68092070,kirilkirkov/Shopping-Cart-Solution---CodeIgniter,273,110
68709381,nim4/DBShield,349,140
56025994,Maverun/Nurevam,302,121
1224961,benbjohnson/grapevine,150,60
18561376,edj-boston/coursera-r-programming,278,111
1672983,Sprinter,363,144
40212802,SmartThingsCommunity/SmartThingsPublic,18306,7259
33914707,Johnhacker/MIUIJS,396,157
8877717,javatechig/Advance-Android-Tutorials,679,269
8005233,web-friend-smash,346,137
24336654,GeekTrainer/Introduction-Programming-Python,829,328
4323500,Mint,182,72
29176920,rain1017/async-lock,236,93
12544093,Android,1473,580
981065,mailchimp/Email-Blueprints,992,390
1150837,SensorKinect,425,166
1450877,iosdeveloper/SlideToCancel,108,42
1348535,appcelerator-titans/ARti,139,54
38575198,movielala/YoutubeSourceParserKit,534,207
1045381,phonegap/phonegap-start,2863,1105
488652,robmonie/jquery-week-calendar,268,103
609787,facebook/php-sdk,4407,1693
749021,elliothaughin/codeigniter-facebook,315,121
1406044,Instagram/Realtime-Demo,151,58
7223635,kickstarter,198,76
18561376,coursera-r-programming,361,138
8308179,xaml-sdk,427,163
16470515,tony-green/coolweather,548,209
884135,Adafruit-Motor-Shield-library,184,70
8877717,Advance-Android-Tutorials,405,154
224425,richhickey/clojure,208,79
8522174,dmpe/R,453,172
11675734,mafudge/LearnJava,253,96
1456223,disqus/django-db-utils,116,44
1255838,Touch-Screen-Library,127,48
34602208,DanieleP/PA2-clarifying_instructions,440,166
9546965,Java,472,178
23623661,emulator,297,112
21312037,sindresorhus/cp-file,592,223
12114461,smartthings-users/device-type.nest,327,123
1434708,antirez/redis-timeseries,125,47
2394064,square.github.io,258,97
14975849,j,298,112
67445124,m1guelpiedrafita/LicAPI,245,92
37436473,Hotsotse/cowsay,160,60
28337006,PHP-BOOTSTRAP,104,39
15435,tobi/liquid,171,64
7349143,StudyDemo,492,184
239641,zoul/Finch,363,135
1559968,cshum/scm-music-player,277,103
32543380,hushnymous/android_frameworks_base,280,104
1386686,AndrewVos/github-statistics,105,39
5518793,Mzzopublic/C,859,319
51154253,Cleveroad/CRParticleEffect,1092,405
239641,Finch,526,195
9056944,iOSSnippet,284,105
1282359,egonelbre/jsfx,287,106
38586576,PlusHaze/TrayNotification,1338,493
14540032,lhazlewood/apache-shiro-tutorial-webapp,1860,685
446949,tobeytailor/gordon,296,109
3975025,hackdaymanifesto.github.com,568,209
5782969,PE-Analog-Clock-icon-font,397,146
2553402,rakeshcusat/Code4Reference,419,154
702886,schacon/git-reference,245,90
9248308,mejorandolaclase/mejorandocurso,207,76
474645,kolanos/kohana-universe,109,40
1353709,Laurelai/decompile-dump,371,136
386546,commonsguy/cw-andtutorials,142,52
4190053,brandico.font,457,167
6515967,pappu-pakia,189,69
28337006,Harazaki/PHP-BOOTSTRAP,148,54
354961,facebook/connect-js,804,292
55110176,li-xiaojun/ShootPlane,113,41
21848231,Tower-KevinLi/Designers-Learn-Git,3013,1093
54374675,544523660/LKFMDB,171,62
1433212,rjyo/Air-Test,207,75
532252,jupiterjs/documentjs,504,182
6106472,Surviving-with-android,1742,629
469664,Adafruit-Eagle-Library,496,179
601569,facebook/python-sdk,787,284
2544179,Arduino,749,270
537622,appcelerator/KitchenSink,1385,499
28599663,Viperey/seriesLyks,214,77
61925510,CoderZhuXH/XHNetworkCache,203,73
386546,cw-andtutorials,142,51
38549122,gngeorgiev/firesync,195,70
7778764,ihrupin/samples,368,132
247926,mikeknapp/AppEngine-OAuth-Library,134,48
11110016,setup,2072,740
1082174,live-coding-presentations,448,160
3675253,adobe/adobe.github.com,507,181
2781154,mobile-samples,2080,742
946134,nadlabak/android,385,137
17621324,struts-examples,149,53
1366203,seatgeek/soulmate,864,307
23677422,MapManager,290,103
18442377,lewagon/dotfiles,2072,735
26793680,cypresssemiconductorco/PSoC-4-BLE,499,177
7673841,cytoscape.github.com,274,97
928874,jquery/jquery-datalink,249,88
914153,maxogden/couchappspora,136,48
9735209,test_files,289,102
55026106,huluoyang/freecodecamp.cn,8796,3104
9248308,platzi/mejorandocurso,414,146
43959517,Cleveroad/slidingtutorial-android,2167,763
28293094,copy-ninja/SmartThings_MyQ,480,169
10262104,betfair/API-NG-sample-code,367,129
679560,macek/google_pacman,251,88
1425057,imathis/hsl-color-picker,117,41
1034460,maraujop/django-rules,140,49
6490560,sdrdis/hotfix,266,93
28457823,FreeCodeCamp/freecodecamp,25068,8751
1332511,bdurand/lumberjack,221,77
11109956,dotfiles,1596,556
6240369,tangkai/android,316,110
841412,monodroid-samples,2823,982
49309068,hyongbai/recompress-apk,187,65
803270,mikechambers/as3corelib,987,343
20042152,cgm-remote-monitor,4917,1707
2751542,LearningAndroidYamba,242,84
58597481,juancarlospaco/anglerfish,430,149
52269243,caihao/computational_physics_whu,364,126
45666188,ddwhan0123/BlogSample,234,81
563390,mattgemmell/MGTwitterEngine,653,225
229790,henon/GitSharp,305,105
6490560,hotfix,375,129
241892,subsonic/SubSonic-3.0,262,90
26119941,telerik/ui-for-aspnet-mvc-examples,886,304
7024259,maxogden/gh-pages-template,105,36
21014984,jongalloway/MVA-Introduction-to-ASPNET-MVC,429,147
16652294,survivingwithandroid/Swa-app,435,149
29396841,MarioZ/MadMilkman.Ini,254,87
6873581,antiharassment-policy,599,205
15143217,vitorbalbio/code,114,39
22896115,TC-Crew/L-Assemblies,252,86
1359724,StanAngeloff/compass-magick,323,110
1623654,gskinner/AS3Libs,347,118
15681670,devart-template,3429,1164
4211443,openwebicons,827,280
1507583,tableless/exemplos,331,112
26806037,gaopu/Java,243,82
7357998,androrat,392,132
5126661,Spry,205,69
2327762,wmuSlider,217,73
61947497,Fnoz/FNMatchPull,547,184
30348040,lewagon/data-kit,244,82
1386806,73rhodes/sideflow,122,41
14006028,SheetJS.github.io,259,87
115508,rentzsch/clicktoflash,134,45
1468120,Remote-Bluetooth-Android,167,56
28560779,sgolivernet/curso-android-src-as,466,156
639538,Brajeshwar/Sass.mode,102,34
240475,apache/hadoop-hdfs,108,36
2544179,RobTillaart/Arduino,1886,628
4312928,LearnProgramming/standards-and-practices,665,221
9279301,Try-Git/try_git,169,56
47311134,timmy3131/design-resource,1564,518
28672,mmangino/facebooker,136,45
5364106,Esri/esri.github.com,242,80
22931603,DataScienceSpecialization/DataScienceSpecialization.github.io,3280,1084
479583,storytlr/core,115,38
175767,iphone-3.0-cookbook-,397,131
3405587,rostock,182,60
63361775,Fnoz/FNPaperShredder,313,103
1364093,garand/Sticky,152,50
1411404,shiffman/The-Nature-of-Code,219,72
30963638,agragregra/wordpress-landing-page-lesson,566,186
7766448,dianping-open-sdk,277,91
225784,richhickey/clojure-contrib,137,45
175767,erica/iphone-3.0-cookbook-,402,132
28195535,mu29/danbi,454,149
280098,thefaj/OpenFlow,424,139
1386806,sideflow,232,76
3245790,BoxBilling,110,36
18486300,lewagon/setup,541,177
13719322,shannonturner/python-lessons,150,49
3093730,kendo-examples-asp-net-mvc,242,79
56278099,esthercrawford/EstherBot,1692,551
9387601,datasci_course_materials,2768,901
89163,sciyoshi/pyfacebook,255,83
3966874,APDPlat,2056,668
1368539,pengkong/A3M-for-CodeIgniter-2.0,117,38
17166603,CUSSender,117,38
7722030,308tube/com.youtube.rest,191,62
14064736,antionio/game-off-2013,191,62
18430108,josephyzhou/github-trending,2330,756
3605678,tumblr/policy,296,96
2349220,OptiLoader,108,35
34483694,Azure/azure-stream-analytics,562,182
1220467,elc/ELCTextFieldCell,139,45
2105143,jrowberg/i2cdevlib,3472,1124
5475661,CTP,346,112
59386984,gngeorgiev/jshell,170,55
4276735,HTML5-canvas-projects,263,85
39634,sintaxi/phonegap,1034,334
858140,book-exercises,124,40
9775952,Spring-Framework,496,160
1304217,simurai/ZEN-Player,258,83
4500853,Example-Sketch-for-IMU-including-Kalman-filter,252,81
1473004,bobmccune/Core-Animation-Demos,215,69
40706,joshuaclayton/blueprint-css,2860,917
17841355,maxwihlborg/youtube-tutorials,515,165
694779,cocos2d,506,162
1281555,chriso/load.js,328,105
17841355,youtube-tutorials,200,64
13732486,quinnliu/machineLearning,566,181
8618010,wengkai/ACLLib,263,84
851700,sparkfun/SparkFun-Eagle-Library,238,76
57210915,Qihoo360/huststore,871,278
505380,jbogard/AutoMapper,257,82
759331,uswaretech/Django-Socialauth,163,52
103175,shuber/attr_encrypted,279,89
6468691,PolyBranch,116,37
365777,cw-android,1321,421
132214,jimpick/twitterfon,113,36
1088970,kwhinnery/Helium,135,43
311527,imathis/fancy-buttons,537,171
17446152,gabrielecirulli/2048,7413,2351
278745,cw-advandroid,1720,544
2488812,ASP.NET-MVC-ACME-Invoicing--App,250,79
69574700,sindresorhus/ponyfill,421,133
47557955,SEEDTEAM/TeleSeed,2213,699
770475,memo/msalibs,152,48
12697770,3D_Printer,165,52
512316,jquerymx,238,75
7518626,codeafrica/github-africa,311,98
51974076,wardowsmcc/badass,2409,758
1680851,Agile-Carousel,213,67
48609158,DUBULEE/CoordinatorLayoutHelper,175,55
1434138,tlrobinson/evil.css,436,137
259902,digdog/MapKitDragAndDrop,156,49
2843336,Github-Pages-Example,102,32
266798,uscode,753,236
2567428,NDK-Samples,501,157
41346743,goagent/goagent,2072,649
13090545,MLPNeuralNet,899,281
68576689,SheetJS/printj,144,45
677514,tobia/CrossSlide,176,55
9687103,pokerstove,432,135
34261775,cgapps/vendor_google,1162,363
11538414,vkarpov15/mean-stack-skeleton,125,39
8372697,av3-fc,593,185
364551,haseman/Android-AR-Kit,170,53
65603868,CoderZhuXH/XHToastSwift,167,52
10158224,Prusa3-vanilla,151,47
22931603,DataScienceSpecialization.github.io,1404,437
1251502,TouchCode/TouchJSON,826,257
9248308,mejorandocurso,1161,361
6600554,LiveSDK-for-Windows,341,106
4151739,umobile-app-phonegap,409,127
5396462,weibo_android_sdk,1546,480
8898545,codeFactory,171,53
23576247,ASNETutorial,171,53
14257787,KonradIT/autoexechack,626,194
1329729,demosthenese/iRate,184,57
160992,apache/solr,481,149
1229585,hookbox/hookbox,149,46
250217,capttaco/Briefs,298,92
1614858,cloudwu/windsoul,149,46
25210766,Grafikart/ST3-LiveReload,230,71
17010295,liumeijun.com,175,54
679560,google_pacman,201,62
65891,platform_packages_apps_alarmclock,120,37
22873143,cocos2d-js,120,37
18298135,Cuevana/storm,318,98
3777631,muledump,448,138
4341924,bethrobson/Head-First-HTML,348,107
65828,kernel_common,384,118
2822987,Oracle-DBA-Scripts,101,31
8644048,SlidingMenu,264,81
796825,leah/PullToRefresh,1105,339
3675253,adobe.github.com,826,253
2793875,wojilu,591,181
7444918,sparkfun/MPU-9150_Breakout,170,52
1349627,tmm1/rbtrace,1352,413
4587670,stm32f4-examples,151,46
38194009,JDongian/stargazers,151,46
5264825,shopify.github.com,467,142
15242520,CyberLink4Android,158,48
1926525,DHT-sensor-library,623,189
84695,syntacticx/livepipe-ui,122,37
1848178,Gnome-Pie,244,74
16525746,clumsy-bird,1874,568
6313,insoshi/insoshi,525,159
5406732,w3c/html,251,76
25306,pieter/gitx,664,201
65906,platform_packages_apps_settings,708,214
91967,atmos.github.io,692,209
365424,mzarra/ZSync,116,35
2203510,librojquery,355,107
110074,darwin/visor,292,88
6914572,Instagram-Bot,186,56
1621813,programmingpig,206,62
109536,magentomirror/magento-mirror,113,34
2203510,leandono/librojquery,113,34
462859,facebook/xhp,276,83
845547,php-emoji,562,169
620669,zac/dragkit,143,43
593092,pcgod/mumble-android,153,46
8493582,letsmod-mod,340,102
2085412,ahmetcemturan/SFACT,490,147
1423105,sebastien/watchdog,200,60
8688208,dredit,550,165
17101828,swirl_courses,2689,806
9652982,appacademy/prep-work,704,211
9185413,alfred-emoji-workflow,544,163
3514494,Mendel90,414,124
660976,hagenburger/lemonade,261,78
8023803,diydrones/PX4Firmware,646,193
969055,rsandor/gury,308,92
17446152,2048,19300,5762
1497788,cameronmcefee/Image-Diff-View-Modes,335,100
370515,soundcloud/Widget-JS-API,124,37
3679708,pyodconverter,265,79
8445877,platform-samples,507,151
16659106,ExData_Plotting1,16926,5041
3025410,web2py-appliances,299,89
30042287,udacity/fullstack-nanodegree-vm,6756,2008
1072216,node-usb,101,30
1602288,cloudfoundry/vcap-java,273,81
976192,xuming/micolog,162,48
6468691,gbatha/PolyBranch,142,42
29205154,genomicsclass/dagdata,545,161
67179,takuma104/ntlniph,156,46
91992,mojombo/mojombo.github.com,268,79
14933717,googleads-mobile-ios-examples,285,84
2881789,geekcomputers/Python,3679,1084
51732606,jhu-ep-coursera/fullstack-course4,2454,723
575625,mrdoob/harmony,163,48
30271659,sugarcrm/SugarCE-Add-ons,917,270
160985,apache/hbase,262,77
1334594,wireframe/multitenant,177,52
20424953,SequoiaDB/SequoiaDB,984,289
17101828,swirldev/swirl_courses,6713,1970
747287,android,3273,960
5494,sstephenson/prototype,2555,749
37496738,xamarin/recipes,1235,362
5386653,push-notifications-sdk,883,258
2014347,Adafruit-BMP085-Library,137,40
5733912,patorjk/JavaScript-Snake,394,115
4276866,IcoMoon--limited-,521,152
21447895,AugustRush/ARCoreData,350,102
9935122,pearkes/gethub,151,44
1468022,CMVS-PMVS,230,67
1834988,rplos,718,209
267286,mongodb-csharp,196,57
1380234,GiK/gik-animated-callout,148,43
16865091,minixalpha/minixalpha.github.io,248,72
2745410,paytronix/ASIHTTPRequest,186,54
13841281,blender,224,65
1062759,krawaller/Titanium-Tools,131,38
160990,hadoop,207,60
4328452,Apple-ID-AppleScript,176,51
1290701,imakewebthings/jquery-waypoints,1322,383
1330813,jamesyu/gmailr,145,42
8189147,SAP/sap.github.com,183,53
455600,facebook/hiphop-php,3186,922
552926,shaunsephton/django-ckeditor,121,35
117490,bauhouse/fluid960gs,412,119
1980303,LiveSDK,343,99
116547,cucumber/cuke4duke,246,71
70607857,dingwilson/RandomUserSwift,149,43
22107404,Esk0r/LeagueSharp,878,253
1308593,Cocoanetics/MyAppSales,177,51
1404577,laktek/jQuery-Smart-Auto-Complete,247,71
21287744,Azure-Readiness/MicrosoftAzureTrainingKit,167,48
57235138,IBM-Blockchain/learn-chaincode,1566,450
619073,brow/leaves,846,243
32772257,reedmi/drp,491,141
656072,tkyk/jquery-history-plugin,223,64
5698643,xxg1413/python,1286,369
2462739,zf2-tutorial,122,35
8262828,LearnProgramming/learntris,495,142
32583947,aporter/coursera-android-labs,2238,642
2513441,Adalight,129,37
1418268,oscardelben/DateCalculations,129,37
179404,rails-nginx-passenger-ubuntu,129,37
1072800,spring-data-document-examples,136,39
1333096,KuraFire/runloop,150,43
85423,ericflo/django-avatar,157,45
20597452,Flight-Fight-In-Swift,175,50
23087250,Codegasm,105,30
21749563,angular-toasty,319,91
981065,Email-Blueprints,1380,393
6515967,rishabhp/pappu-pakia,397,113
16099249,courses,4631,1317
1118065,PushButtonLabs/PushButtonEngine,313,89
5180763,lastfm/musicbrainz-data,102,29
507986,kirbyt/KTPhotoBrowser,296,84
3077368,facebook-php-sdk,7026,1993
1762351,LiveReload,1072,304
1039875,aaronds/arduino-nrf24l01,134,38
519528,jacobian/django-deployment-workshop,194,55
24336654,Introduction-Programming-Python,120,34
17915142,proyectos-mejorandola/sfotipy,166,47
4167098,jodconverter,456,129
18290753,NeoGuo/html5-documents,308,87
51499007,movielala/TVOSButton,439,124
1192339,PascalW/Airplayer,287,81
460941,Eagle-Libraries,234,66
364955,brotherbard/gitx,741,209
4437818,data-science-r,174,49
65832,platform_build,668,188
707093,ole/leaves,178,50
597162,streamio-ffmpeg,1186,333
13645789,Wonging,307,86
64565442,MobBotTeam/PokeMobBot,357,100
500437,phonegap-plugins,1032,289
18122928,github-for-web-designers,125,35
757296,CyanogenMod/cm-kernel,401,112
1368189,robconery/massive,1375,384
1082174,sebleedelisle/live-coding-presentations,172,48
8834860,baseball_R,147,41
23224713,JakeLin/ChineseZodiac,251,70
3310609,netflix.github.com,624,174
301504,zac/iphonearkit,305,85
132321,facebook/three20,5312,1479
3942127,XposedMods,259,72
169454,jcf/git-tmbundle,216,60
13213754,Ultimaker/Ultimaker2,270,75
3065190,android-sliding-menu-demo,522,145
16525746,ellisonleao/clumsy-bird,963,267
13719912,stormzhang/stormzhang.github.com,844,234
158886,grails/grails,202,56
1689014,flex-users/flex-iframe,148,41
5557136,repository.arabic.xbmc-addons,1621,449
5648225,examples,130,36
15142234,labs,650,180
8445877,github/platform-samples,1347,373
8508768,equity,1099,304
47044907,LiYueChun/YCRefreshControl,282,78
55853719,kba7/trugithub,1917,530
1150837,avin2/SensorKinect,478,132
12575239,cfpb.github.io,424,117
749021,codeigniter-facebook,145,40
1820882,gotgit/gotgit,770,212
749161,elliothaughin/codeigniter-twitter,378,104
1421700,spring-social-samples,778,214
363849,kaeppler/signpost,102,28
1200597,ognen/httpriot,124,34
329179,jesses/wck,259,71
20042152,nightscout/cgm-remote-monitor,19059,5223
35455703,Apostolique/Agar.io-bot,9625,2636
1617670,node-gir,168,46
4775234,mint-exporter,252,69
769357,vimeo-api-examples,179,49
5601555,DayZ-Private-Server,768,210
20587587,DevTips/Artists-Theme,1152,315
4501662,GBA4iOS,3814,1042
65652400,corego/vgo,271,74
61760,eczarny/xmlrpc,154,42
327244,Arachnid/bloggart,143,39
1687351,devopsfolks/podam,561,153
558708,RTClib,319,87
831676,Xac/Rails-3-HTML5-Boilerplate,143,39
44798,yfactorial/objectiveresource,121,33
7766448,dianping/dianping-open-sdk,213,58
21504365,statusbits/smartthings,390,106
23028336,LocationManager,368,100
12266957,CocoStudioSamples,600,163
23717800,VMaskTextField,394,107
22365960,JavascriptBattle/hero-starter,306,83
1210831,zeljkoprsa/Magento-Boilerplate,236,64
65765693,pokesniperandroid/PokeSniper-Android,664,180
2838077,travis-ci-examples/php,657,178
3523811,opensudoku,299,81
537622,KitchenSink,883,239
10972609,generative-design/Code-Package-Processing-2.x,170,46
987913,arthur-debert/BulkLoader,207,56
19997136,udacity/Sunshine,1501,406
18358661,plter/Android2048GameLesson,159,43
2381646,simple_canvas_game,381,103
2672821,Stanford-CS-106A,137,37
11370228,emoji,578,156
1100285,opencv,252,68
28704829,Pr0x13/iDict,1117,301
837065,sample_app,386,104
13719322,python-lessons,219,59
3416974,paulrhayes.com-experiments,1025,276
122759,rmm5t/liquidmetal,156,42
1314559,nickmontfort/curveship,104,28
165886,facebook/scribe,881,237
17261658,RedPitaya,409,110
760468,ideashower/ShareKit,2060,554
1252955,TFTLCD-Library,186,50
1470646,kirkouimet/jformer,134,36
485581,fileability/Ingredients,458,123
5471639,gklyne/things,108,29
7859079,django,261,70
228215,fictorial/redis-node-client,138,37
731149,pikatchu/LinearML,235,63
2907600,Adafruit-Thermal-Printer-Library,209,56
260841,android,1476,395
504454,Speeqe,116,31
2183338,spring-integration-samples,1434,383
1151730,amazonwebservices/aws-sdk-for-ios,161,43
1059680,westonruter/webforms2,191,51
16287,jeresig/processing-js,914,244
366948,vogella,671,179
2090,gitnub,105,28
3565575,EmonLib,210,56
21951539,Outernet-Project/orx-install,180,48
275367,kishikawakatsumi/MapKit-Route-Directions,165,44
3403779,ML_for_Hackers,2314,617
4237727,PHP-Login,229,61
13773324,bonfirelab/bearded,139,37
46783173,AutumnsWind/array_helper,139,37
165952,derekr/jquery.sugar,124,33
302662,robertpenner/as3-signals,744,198
26496724,colorfest/angularjs,838,223
13213754,Ultimaker2,233,62
11531841,nick-jonas/nick-jonas.github.com,297,79
1379282,chad/turbulence,267,71
206336,apache/mahout,222,59
2528830,zergRush,192,51
1330693,hij1nx/weld,930,247
52042300,movielala/TVOSToast,467,124
11971410,wchaowu/javascript,245,65
11531841,nick-jonas.github.com,800,212
6567166,2D-Game-Engine,200,53
8644048,yueyueniao2012/SlidingMenu,117,31
1377606,agnoster/git-dropbox,102,27
862506,twitter/rubyenterpriseedition187-248,238,63
611970,ernie/meta_where,563,149
14677521,weibo_android_sdk,1002,265
2757513,jOrgChart,832,220
1400944,ded/Kizzy,159,42
237247,rackspace/php-cloudfiles,284,75
36866304,goktugyil/CozyLoadingActivity,409,108
7014478,no-OS,735,194
10158224,josefprusa/Prusa3-vanilla,216,57
202299,atebits/SimFinger,436,115
46274448,zhanglei-workspace/shopping-management-system,694,183
443222,nathansmith/960-Grid-System,2021,532
18660516,ktbyers/pynet,437,115
31851515,fisherman/fishtape,251,66
33431774,octalmage/googlehacks,175,46
349088,marijnh/CodeMirror,255,67
7357998,DesignativeDave/androrat,754,198
519869,jupiterjs/funcunit,739,194
9815736,xbmc-adult,301,79
10059733,solutions-mobile-shopping-assistant-backend-java,263,69
31442740,buckyroberts/Source-Code-from-Tutorials,2521,661
42966722,Windows-Readiness/AbsoluteBeginnersWin10,817,214
2376794,Yii-Playground,275,72
1171324,shichuan/mobile-html5-boilerplate,1528,400
799637,astrofrog/fortranlib,107,28
1194413,cmod/bibliotype,218,57
970981,elc/ELCImagePickerController,375,98
15143217,code,111,29
9248308,MejorandoCurso,333,87
1067838,rogchap/Titanium-Google-Analytics,134,35
1383787,senchalabs/philogl,743,194
165269,etexteditor/e,184,48
476166,jamespadolsey/jQuery-Lint,161,42
71531,sorccu/cufon,1263,329
788151,iOS-Sample-Code,242,63
722962,CouchPotato,315,82
1513140,scotchi/wikipedia-beautifier,146,38
61273263,liushuchun/wechatcmd,204,53
4687595,jonobr1/Neuronal-Synchrony,358,93
976990,codebutler/firesheep,1248,324
63324672,janlou/AdvanSource,763,198
619436,theanti9/PyCrawler,158,41
13627651,nexus9000,212,55
2090,Caged/gitnub,166,43
356500,cezarsa/chromed_bird,174,45
7191980,androrat,205,53
1150070,PrimeSense/Sensor,294,76
9056944,kesalin/iOSSnippet,325,84
1414337,imanel/websocket-rack,240,62
20486928,carcabot/iCloud-Bypass,120,31
67019760,liuyujiahuan/bjsxt_ios_inke,151,39
1017923,roddi/ValidateStoreReceipt,213,55
68914477,th-koeln/wba1-2016,341,88
36206077,udacity/Just-Java,279,72
460941,chiengineer/Eagle-Libraries,411,106
1501668,commonsguy/cw-lunchlist,159,41
620862,kesiev/akihabara,287,74
1308518,andreyvit/SoloComponents-iOS,415,107
2831597,AndEngineExamples,512,132
3813871,git-credential-winstore,295,76
4823183,ProAndroidAugmentedReality,132,34
20723540,Microsoft/microsoft.github.io,1305,336
1020545,addyosmani/jqueryui-coverflow-ii,101,26
784516,neteye/jquery-plugins,389,100
13627651,datacenter/nexus9000,214,55
22721997,varshylmobile/TableViewCellFlip,117,30
3506581,php5-akismet,117,30
442870,klazuka/Kal,667,171
91967,atmos/atmos.github.io,160,41
1228777,andytlr/cssgrid,121,31
1401499,twitter.github.com,778,199
36788160,funneld/XiaomiYi,305,78
3724789,patchrom,622,159
5401042,KalmanFilter,223,57
1384958,Rduerden/Node.cs,184,47
1040700,ptwobrussell/Mining-the-Social-Web,748,191
4107556,routerkeygen,192,49
382576,enormego/PhotoViewer,384,98
745626,probablycorey/seriously,196,50
8262828,learntris,451,115
1268774,weightshift/The-Personal-Page,408,104
11943376,Map-Icons,616,157
10288749,spring-data-jpa-examples,369,94
9195832,hscript,330,84
837872,ahiguti/HandlerSocket-Plugin-for-MySQL,440,112
935053,davidmorford/iOSDesignStencils,224,57
4660742,Python-programming-exercises,114,29
1295505,liteAccordion,358,91
24085,alex/django-ajax-validation,122,31
1843047,SpringSource/spring-mvc-showcase,248,63
2654026,html5-boilerplate,126,32
544263,akosma/iPhoneWebServicesClient,209,53
52643954,movielala/TVOSSlideViewController,501,127
11942733,joe011/python,430,109
23666255,codefoster/codeshow,359,91
11538414,mean-stack-skeleton,288,73
191714,cloudhead/less,217,55
35655353,michaelliao/learn-python3,1532,388
33791743,x64dbg/x64dbg,13336,3376
44019644,ntop/nProbe,1186,300
3360402,TorChat,692,175
4816574,moodlehq/moodlemobile,621,157
7623033,afedchin/xbmc-addon-iptvsimple,182,46
2422006,captaindebug,455,115
2422997,RegistrationForm,194,49
18258748,omengye/spider,198,50
13484,madrobby/scripty2,198,50
6106472,survivingwithandroid/Surviving-with-android,2111,533
31872332,sux13/DataScienceSpCourseNotes,2607,658
51426,johnmuhl/html5.tmbundle,210,53
17261658,RedPitaya/RedPitaya,825,208
19800494,Yelp/yelp.github.io,246,62
486550,paulirish/html5-boilerplate,10680,2689
7349143,feicien/StudyDemo,588,148
1094004,randyjensen/handcrafted-wp-theme,151,38
